amfi_code,fund_house,category,cagr_1yr_pct,cagr_3yr_pct,cagr_5yr_pct
101207,Aditya Birla Sun Life MF,Equity,24.93,22.38,23.8
101207,Aditya Birla Sun Life MF,Equity,24.93,22.38,23.8
101207,Aditya Birla Sun Life MF,Equity,24.93,22.38,23.8
101207,Aditya Birla Sun Life MF,Equity,24.93,22.38,23.8
101207,Aditya Birla Sun Life MF,Equity,24.93,22.38,23.8
101207,Aditya Birla Sun Life MF,Equity,24.93,22.38,23.8
101207,Aditya Birla Sun Life MF,Equity,24.93,22.38,23.8
101207,Aditya Birla Sun Life MF,Equity,24.93,22.38,23.8
101207,Aditya Birla Sun Life MF,Equity,24.93,22.38,23.8
101207,Aditya Birla Sun Life MF,Small Cap,24.93,22.38,23.8
101207,Aditya Birla Sun Life MF,Equity,24.93,,
101207,Aditya Birla Sun Life MF,Equity,24.93,,
101207,Aditya Birla Sun Life MF,Equity,24.93,,
101207,Aditya Birla Sun Life MF,Equity,24.93,,
101207,Aditya Birla Sun Life MF,Equity,24.93,,
101207,Aditya Birla Sun Life MF,Equity,24.93,,
101207,Aditya Birla Sun Life MF,Equity,24.93,,
101207,Aditya Birla Sun Life MF,Equity,24.93,,
101207,Aditya Birla Sun Life MF,Equity,24.93,,
101207,Aditya Birla Sun Life MF,Small Cap,24.93,,
119598,SBI Mutual Fund,Equity,24.56,23.39,20.67
119598,SBI Mutual Fund,Equity,24.56,23.39,20.67
119598,SBI Mutual Fund,Equity,24.56,23.39,20.67
119598,SBI Mutual Fund,Equity,24.56,23.39,20.67
119598,SBI Mutual Fund,Equity,24.56,23.39,20.67
119598,SBI Mutual Fund,Equity,24.56,23.39,20.67
119598,SBI Mutual Fund,Equity,24.56,23.39,20.67
119598,SBI Mutual Fund,Equity,24.56,23.39,20.67
119598,SBI Mutual Fund,Equity,24.56,23.39,20.67
119598,SBI Mutual Fund,Small Cap,24.56,23.39,20.67
119598,SBI Mutual Fund,Equity,24.56,,
119598,SBI Mutual Fund,Equity,24.56,,
119598,SBI Mutual Fund,Equity,24.56,,
119598,SBI Mutual Fund,Equity,24.56,,
119598,SBI Mutual Fund,Equity,24.56,,
119598,SBI Mutual Fund,Equity,24.56,,
119598,SBI Mutual Fund,Equity,24.56,,
119598,SBI Mutual Fund,Equity,24.56,,
119598,SBI Mutual Fund,Equity,24.56,,
119598,SBI Mutual Fund,Small Cap,24.56,,
119095,Axis Mutual Fund,Equity,21.97,20.98,22.62
119095,Axis Mutual Fund,Equity,21.97,20.98,22.62
119095,Axis Mutual Fund,Equity,21.97,20.98,22.62
119095,Axis Mutual Fund,Equity,21.97,20.98,22.62
119095,Axis Mutual Fund,Equity,21.97,20.98,22.62
119095,Axis Mutual Fund,Equity,21.97,20.98,22.62
119095,Axis Mutual Fund,Equity,21.97,20.98,22.62
119095,Axis Mutual Fund,Equity,21.97,20.98,22.62
119095,Axis Mutual Fund,Equity,21.97,20.98,22.62
119095,Axis Mutual Fund,Small Cap,21.97,20.98,22.62
119095,Axis Mutual Fund,Equity,21.97,,
119095,Axis Mutual Fund,Equity,21.97,,
119095,Axis Mutual Fund,Equity,21.97,,
119095,Axis Mutual Fund,Equity,21.97,,
119095,Axis Mutual Fund,Equity,21.97,,
119095,Axis Mutual Fund,Equity,21.97,,
119095,Axis Mutual Fund,Equity,21.97,,
119095,Axis Mutual Fund,Equity,21.97,,
119095,Axis Mutual Fund,Equity,21.97,,
119095,Axis Mutual Fund,Small Cap,21.97,,
118634,Nippon India MF,Equity,21.3,20.15,21.88
118634,Nippon India MF,Equity,21.3,20.15,21.88
118634,Nippon India MF,Equity,21.3,20.15,21.88
118634,Nippon India MF,Equity,21.3,20.15,21.88
118634,Nippon India MF,Equity,21.3,20.15,21.88
118634,Nippon India MF,Equity,21.3,20.15,21.88
118634,Nippon India MF,Equity,21.3,20.15,21.88
118634,Nippon India MF,Equity,21.3,20.15,21.88
118634,Nippon India MF,Equity,21.3,20.15,21.88
118634,Nippon India MF,Small Cap,21.3,20.15,21.88
118634,Nippon India MF,Equity,21.3,,
118634,Nippon India MF,Equity,21.3,,
118634,Nippon India MF,Equity,21.3,,
118634,Nippon India MF,Equity,21.3,,
118634,Nippon India MF,Equity,21.3,,
118634,Nippon India MF,Equity,21.3,,
118634,Nippon India MF,Equity,21.3,,
118634,Nippon India MF,Equity,21.3,,
118634,Nippon India MF,Equity,21.3,,
118634,Nippon India MF,Small Cap,21.3,,
119599,SBI Mutual Fund,Equity,20.59,23.14,21.82
119599,SBI Mutual Fund,Equity,20.59,23.14,21.82
119599,SBI Mutual Fund,Equity,20.59,23.14,21.82
119599,SBI Mutual Fund,Equity,20.59,23.14,21.82
119599,SBI Mutual Fund,Equity,20.59,23.14,21.82
119599,SBI Mutual Fund,Equity,20.59,23.14,21.82
119599,SBI Mutual Fund,Equity,20.59,23.14,21.82
119599,SBI Mutual Fund,Equity,20.59,23.14,21.82
119599,SBI Mutual Fund,Equity,20.59,23.14,21.82
119599,SBI Mutual Fund,Small Cap,20.59,23.14,21.82
119599,SBI Mutual Fund,Equity,20.59,,
119599,SBI Mutual Fund,Equity,20.59,,
119599,SBI Mutual Fund,Equity,20.59,,
119599,SBI Mutual Fund,Equity,20.59,,
119599,SBI Mutual Fund,Equity,20.59,,
119599,SBI Mutual Fund,Equity,20.59,,
119599,SBI Mutual Fund,Equity,20.59,,
119599,SBI Mutual Fund,Equity,20.59,,
119599,SBI Mutual Fund,Equity,20.59,,
119599,SBI Mutual Fund,Small Cap,20.59,,
149324,DSP Mutual Fund,Equity,20.2,20.08,20.61
149324,DSP Mutual Fund,Equity,20.2,20.08,20.61
149324,DSP Mutual Fund,Equity,20.2,20.08,20.61
149324,DSP Mutual Fund,Equity,20.2,20.08,20.61
149324,DSP Mutual Fund,Equity,20.2,20.08,20.61
149324,DSP Mutual Fund,Equity,20.2,20.08,20.61
149324,DSP Mutual Fund,Equity,20.2,20.08,20.61
149324,DSP Mutual Fund,Equity,20.2,20.08,20.61
149324,DSP Mutual Fund,Equity,20.2,20.08,20.61
149324,DSP Mutual Fund,Small Cap,20.2,20.08,20.61
149324,DSP Mutual Fund,Equity,20.2,,
149324,DSP Mutual Fund,Equity,20.2,,
149324,DSP Mutual Fund,Equity,20.2,,
149324,DSP Mutual Fund,Equity,20.2,,
149324,DSP Mutual Fund,Equity,20.2,,
149324,DSP Mutual Fund,Equity,20.2,,
149324,DSP Mutual Fund,Equity,20.2,,
149324,DSP Mutual Fund,Equity,20.2,,
149324,DSP Mutual Fund,Equity,20.2,,
149324,DSP Mutual Fund,Small Cap,20.2,,
125498,HDFC Mutual Fund,Equity,19.98,15.29,15.85
125498,HDFC Mutual Fund,Equity,19.98,15.29,15.85
125498,HDFC Mutual Fund,Equity,19.98,15.29,15.85
125498,HDFC Mutual Fund,Equity,19.98,15.29,15.85
125498,HDFC Mutual Fund,Equity,19.98,15.29,15.85
125498,HDFC Mutual Fund,Equity,19.98,15.29,15.85
125498,HDFC Mutual Fund,Equity,19.98,15.29,15.85
125498,HDFC Mutual Fund,Equity,19.98,15.29,15.85
125498,HDFC Mutual Fund,Equity,19.98,15.29,15.85
125498,HDFC Mutual Fund,Mid Cap,19.98,15.29,15.85
125498,HDFC Mutual Fund,Equity,19.98,,
125498,HDFC Mutual Fund,Equity,19.98,,
125498,HDFC Mutual Fund,Equity,19.98,,
125498,HDFC Mutual Fund,Equity,19.98,,
125498,HDFC Mutual Fund,Equity,19.98,,
125498,HDFC Mutual Fund,Equity,19.98,,
125498,HDFC Mutual Fund,Equity,19.98,,
125498,HDFC Mutual Fund,Equity,19.98,,
125498,HDFC Mutual Fund,Equity,19.98,,
125498,HDFC Mutual Fund,Mid Cap,19.98,,
102887,UTI Mutual Fund,Equity,17.43,15.34,15.78
102887,UTI Mutual Fund,Equity,17.43,15.34,15.78
102887,UTI Mutual Fund,Equity,17.43,15.34,15.78
102887,UTI Mutual Fund,Equity,17.43,15.34,15.78
102887,UTI Mutual Fund,Equity,17.43,15.34,15.78
102887,UTI Mutual Fund,Equity,17.43,15.34,15.78
102887,UTI Mutual Fund,Equity,17.43,15.34,15.78
102887,UTI Mutual Fund,Equity,17.43,15.34,15.78
102887,UTI Mutual Fund,Equity,17.43,15.34,15.78
102887,UTI Mutual Fund,Flexi Cap,17.43,15.34,15.78
102887,UTI Mutual Fund,Equity,17.43,,
102887,UTI Mutual Fund,Equity,17.43,,
102887,UTI Mutual Fund,Equity,17.43,,
102887,UTI Mutual Fund,Equity,17.43,,
102887,UTI Mutual Fund,Equity,17.43,,
102887,UTI Mutual Fund,Equity,17.43,,
102887,UTI Mutual Fund,Equity,17.43,,
102887,UTI Mutual Fund,Equity,17.43,,
102887,UTI Mutual Fund,Equity,17.43,,
102887,UTI Mutual Fund,Flexi Cap,17.43,,
120842,Kotak Mahindra MF,Equity,17.12,18.23,17.75
120842,Kotak Mahindra MF,Equity,17.12,18.23,17.75
120842,Kotak Mahindra MF,Equity,17.12,18.23,17.75
120842,Kotak Mahindra MF,Equity,17.12,18.23,17.75
120842,Kotak Mahindra MF,Equity,17.12,18.23,17.75
120842,Kotak Mahindra MF,Equity,17.12,18.23,17.75
120842,Kotak Mahindra MF,Equity,17.12,18.23,17.75
120842,Kotak Mahindra MF,Equity,17.12,18.23,17.75
120842,Kotak Mahindra MF,Equity,17.12,18.23,17.75
120842,Kotak Mahindra MF,Mid Cap,17.12,18.23,17.75
120842,Kotak Mahindra MF,Equity,17.12,,
120842,Kotak Mahindra MF,Equity,17.12,,
120842,Kotak Mahindra MF,Equity,17.12,,
120842,Kotak Mahindra MF,Equity,17.12,,
120842,Kotak Mahindra MF,Equity,17.12,,
120842,Kotak Mahindra MF,Equity,17.12,,
120842,Kotak Mahindra MF,Equity,17.12,,
120842,Kotak Mahindra MF,Equity,17.12,,
120842,Kotak Mahindra MF,Equity,17.12,,
120842,Kotak Mahindra MF,Mid Cap,17.12,,
120506,ICICI Prudential MF,Equity,16.67,14.76,12.6
120506,ICICI Prudential MF,Equity,16.67,14.76,12.6
120506,ICICI Prudential MF,Equity,16.67,14.76,12.6
120506,ICICI Prudential MF,Equity,16.67,14.76,12.6
120506,ICICI Prudential MF,Equity,16.67,14.76,12.6
120506,ICICI Prudential MF,Equity,16.67,14.76,12.6
120506,ICICI Prudential MF,Equity,16.67,14.76,12.6
120506,ICICI Prudential MF,Equity,16.67,14.76,12.6
120506,ICICI Prudential MF,Equity,16.67,14.76,12.6
120506,ICICI Prudential MF,Value,16.67,14.76,12.6
120506,ICICI Prudential MF,Equity,16.67,,
120506,ICICI Prudential MF,Equity,16.67,,
120506,ICICI Prudential MF,Equity,16.67,,
120506,ICICI Prudential MF,Equity,16.67,,
120506,ICICI Prudential MF,Equity,16.67,,
120506,ICICI Prudential MF,Equity,16.67,,
120506,ICICI Prudential MF,Equity,16.67,,
120506,ICICI Prudential MF,Equity,16.67,,
120506,ICICI Prudential MF,Equity,16.67,,
120506,ICICI Prudential MF,Value,16.67,,
102886,UTI Mutual Fund,Equity,16.3,15.61,15.86
102886,UTI Mutual Fund,Equity,16.3,15.61,15.86
102886,UTI Mutual Fund,Equity,16.3,15.61,15.86
102886,UTI Mutual Fund,Equity,16.3,15.61,15.86
102886,UTI Mutual Fund,Equity,16.3,15.61,15.86
102886,UTI Mutual Fund,Equity,16.3,15.61,15.86
102886,UTI Mutual Fund,Equity,16.3,15.61,15.86
102886,UTI Mutual Fund,Equity,16.3,15.61,15.86
102886,UTI Mutual Fund,Equity,16.3,15.61,15.86
102886,UTI Mutual Fund,Mid Cap,16.3,15.61,15.86
102886,UTI Mutual Fund,Equity,16.3,,
102886,UTI Mutual Fund,Equity,16.3,,
102886,UTI Mutual Fund,Equity,16.3,,
102886,UTI Mutual Fund,Equity,16.3,,
102886,UTI Mutual Fund,Equity,16.3,,
102886,UTI Mutual Fund,Equity,16.3,,
102886,UTI Mutual Fund,Equity,16.3,,
102886,UTI Mutual Fund,Equity,16.3,,
102886,UTI Mutual Fund,Equity,16.3,,
102886,UTI Mutual Fund,Mid Cap,16.3,,
118632,Nippon India MF,Equity,15.84,14.0,14.7
118632,Nippon India MF,Equity,15.84,14.0,14.7
118632,Nippon India MF,Equity,15.84,14.0,14.7
118632,Nippon India MF,Equity,15.84,14.0,14.7
118632,Nippon India MF,Equity,15.84,14.0,14.7
118632,Nippon India MF,Equity,15.84,14.0,14.7
118632,Nippon India MF,Equity,15.84,14.0,14.7
118632,Nippon India MF,Equity,15.84,14.0,14.7
118632,Nippon India MF,Equity,15.84,14.0,14.7
118632,Nippon India MF,Large Cap,15.84,14.0,14.7
118632,Nippon India MF,Equity,15.84,,
118632,Nippon India MF,Equity,15.84,,
118632,Nippon India MF,Equity,15.84,,
118632,Nippon India MF,Equity,15.84,,
118632,Nippon India MF,Equity,15.84,,
118632,Nippon India MF,Equity,15.84,,
118632,Nippon India MF,Equity,15.84,,
118632,Nippon India MF,Equity,15.84,,
118632,Nippon India MF,Equity,15.84,,
118632,Nippon India MF,Large Cap,15.84,,
120843,Kotak Mahindra MF,Equity,15.74,15.65,13.5
120843,Kotak Mahindra MF,Equity,15.74,15.65,13.5
120843,Kotak Mahindra MF,Equity,15.74,15.65,13.5
120843,Kotak Mahindra MF,Equity,15.74,15.65,13.5
120843,Kotak Mahindra MF,Equity,15.74,15.65,13.5
120843,Kotak Mahindra MF,Equity,15.74,15.65,13.5
120843,Kotak Mahindra MF,Equity,15.74,15.65,13.5
120843,Kotak Mahindra MF,Equity,15.74,15.65,13.5
120843,Kotak Mahindra MF,Equity,15.74,15.65,13.5
120843,Kotak Mahindra MF,Flexi Cap,15.74,15.65,13.5
120843,Kotak Mahindra MF,Equity,15.74,,
120843,Kotak Mahindra MF,Equity,15.74,,
120843,Kotak Mahindra MF,Equity,15.74,,
120843,Kotak Mahindra MF,Equity,15.74,,
120843,Kotak Mahindra MF,Equity,15.74,,
120843,Kotak Mahindra MF,Equity,15.74,,
120843,Kotak Mahindra MF,Equity,15.74,,
120843,Kotak Mahindra MF,Equity,15.74,,
120843,Kotak Mahindra MF,Equity,15.74,,
120843,Kotak Mahindra MF,Flexi Cap,15.74,,
120503,ICICI Prudential MF,Equity,15.63,11.54,11.46
120503,ICICI Prudential MF,Equity,15.63,11.54,11.46
120503,ICICI Prudential MF,Equity,15.63,11.54,11.46
120503,ICICI Prudential MF,Equity,15.63,11.54,11.46
120503,ICICI Prudential MF,Equity,15.63,11.54,11.46
120503,ICICI Prudential MF,Equity,15.63,11.54,11.46
120503,ICICI Prudential MF,Equity,15.63,11.54,11.46
120503,ICICI Prudential MF,Equity,15.63,11.54,11.46
120503,ICICI Prudential MF,Equity,15.63,11.54,11.46
120503,ICICI Prudential MF,Large Cap,15.63,11.54,11.46
120503,ICICI Prudential MF,Equity,15.63,,
120503,ICICI Prudential MF,Equity,15.63,,
120503,ICICI Prudential MF,Equity,15.63,,
120503,ICICI Prudential MF,Equity,15.63,,
120503,ICICI Prudential MF,Equity,15.63,,
120503,ICICI Prudential MF,Equity,15.63,,
120503,ICICI Prudential MF,Equity,15.63,,
120503,ICICI Prudential MF,Equity,15.63,,
120503,ICICI Prudential MF,Equity,15.63,,
120503,ICICI Prudential MF,Large Cap,15.63,,
100033,HDFC Mutual Fund,Equity,15.43,16.58,17.69
100033,HDFC Mutual Fund,Equity,15.43,16.58,17.69
100033,HDFC Mutual Fund,Equity,15.43,16.58,17.69
100033,HDFC Mutual Fund,Equity,15.43,16.58,17.69
100033,HDFC Mutual Fund,Equity,15.43,16.58,17.69
100033,HDFC Mutual Fund,Equity,15.43,16.58,17.69
100033,HDFC Mutual Fund,Equity,15.43,16.58,17.69
100033,HDFC Mutual Fund,Equity,15.43,16.58,17.69
100033,HDFC Mutual Fund,Equity,15.43,16.58,17.69
100033,HDFC Mutual Fund,Mid Cap,15.43,16.58,17.69
100033,HDFC Mutual Fund,Equity,15.43,,
100033,HDFC Mutual Fund,Equity,15.43,,
100033,HDFC Mutual Fund,Equity,15.43,,
100033,HDFC Mutual Fund,Equity,15.43,,
100033,HDFC Mutual Fund,Equity,15.43,,
100033,HDFC Mutual Fund,Equity,15.43,,
100033,HDFC Mutual Fund,Equity,15.43,,
100033,HDFC Mutual Fund,Equity,15.43,,
100033,HDFC Mutual Fund,Equity,15.43,,
100033,HDFC Mutual Fund,Mid Cap,15.43,,
119552,SBI Mutual Fund,Equity,15.25,11.3,14.23
119552,SBI Mutual Fund,Equity,15.25,11.3,14.23
119552,SBI Mutual Fund,Equity,15.25,11.3,14.23
119552,SBI Mutual Fund,Equity,15.25,11.3,14.23
119552,SBI Mutual Fund,Equity,15.25,11.3,14.23
119552,SBI Mutual Fund,Equity,15.25,11.3,14.23
119552,SBI Mutual Fund,Equity,15.25,11.3,14.23
119552,SBI Mutual Fund,Equity,15.25,11.3,14.23
119552,SBI Mutual Fund,Equity,15.25,11.3,14.23
119552,SBI Mutual Fund,Large Cap,15.25,11.3,14.23
119552,SBI Mutual Fund,Equity,15.25,,
119552,SBI Mutual Fund,Equity,15.25,,
119552,SBI Mutual Fund,Equity,15.25,,
119552,SBI Mutual Fund,Equity,15.25,,
119552,SBI Mutual Fund,Equity,15.25,,
119552,SBI Mutual Fund,Equity,15.25,,
119552,SBI Mutual Fund,Equity,15.25,,
119552,SBI Mutual Fund,Equity,15.25,,
119552,SBI Mutual Fund,Equity,15.25,,
119552,SBI Mutual Fund,Large Cap,15.25,,
148567,Mirae Asset MF,Equity,15.12,14.81,12.68
148567,Mirae Asset MF,Equity,15.12,14.81,12.68
148567,Mirae Asset MF,Equity,15.12,14.81,12.68
148567,Mirae Asset MF,Equity,15.12,14.81,12.68
148567,Mirae Asset MF,Equity,15.12,14.81,12.68
148567,Mirae Asset MF,Equity,15.12,14.81,12.68
148567,Mirae Asset MF,Equity,15.12,14.81,12.68
148567,Mirae Asset MF,Equity,15.12,14.81,12.68
148567,Mirae Asset MF,Equity,15.12,14.81,12.68
148567,Mirae Asset MF,Large Cap,15.12,14.81,12.68
148567,Mirae Asset MF,Equity,15.12,,
148567,Mirae Asset MF,Equity,15.12,,
148567,Mirae Asset MF,Equity,15.12,,
148567,Mirae Asset MF,Equity,15.12,,
148567,Mirae Asset MF,Equity,15.12,,
148567,Mirae Asset MF,Equity,15.12,,
148567,Mirae Asset MF,Equity,15.12,,
148567,Mirae Asset MF,Equity,15.12,,
148567,Mirae Asset MF,Equity,15.12,,
148567,Mirae Asset MF,Large Cap,15.12,,
148568,Mirae Asset MF,Equity,14.91,14.56,15.68
148568,Mirae Asset MF,Equity,14.91,14.56,15.68
148568,Mirae Asset MF,Equity,14.91,14.56,15.68
148568,Mirae Asset MF,Equity,14.91,14.56,15.68
148568,Mirae Asset MF,Equity,14.91,14.56,15.68
148568,Mirae Asset MF,Equity,14.91,14.56,15.68
148568,Mirae Asset MF,Equity,14.91,14.56,15.68
148568,Mirae Asset MF,Equity,14.91,14.56,15.68
148568,Mirae Asset MF,Equity,14.91,14.56,15.68
148568,Mirae Asset MF,Large & Mid Cap,14.91,14.56,15.68
148568,Mirae Asset MF,Equity,14.91,,
148568,Mirae Asset MF,Equity,14.91,,
148568,Mirae Asset MF,Equity,14.91,,
148568,Mirae Asset MF,Equity,14.91,,
148568,Mirae Asset MF,Equity,14.91,,
148568,Mirae Asset MF,Equity,14.91,,
148568,Mirae Asset MF,Equity,14.91,,
148568,Mirae Asset MF,Equity,14.91,,
148568,Mirae Asset MF,Equity,14.91,,
148568,Mirae Asset MF,Large & Mid Cap,14.91,,
119094,Axis Mutual Fund,Equity,14.88,15.18,18.94
119094,Axis Mutual Fund,Equity,14.88,15.18,18.94
119094,Axis Mutual Fund,Equity,14.88,15.18,18.94
119094,Axis Mutual Fund,Equity,14.88,15.18,18.94
119094,Axis Mutual Fund,Equity,14.88,15.18,18.94
119094,Axis Mutual Fund,Equity,14.88,15.18,18.94
119094,Axis Mutual Fund,Equity,14.88,15.18,18.94
119094,Axis Mutual Fund,Equity,14.88,15.18,18.94
119094,Axis Mutual Fund,Equity,14.88,15.18,18.94
119094,Axis Mutual Fund,Mid Cap,14.88,15.18,18.94
119094,Axis Mutual Fund,Equity,14.88,,
119094,Axis Mutual Fund,Equity,14.88,,
119094,Axis Mutual Fund,Equity,14.88,,
119094,Axis Mutual Fund,Equity,14.88,,
119094,Axis Mutual Fund,Equity,14.88,,
119094,Axis Mutual Fund,Equity,14.88,,
119094,Axis Mutual Fund,Equity,14.88,,
119094,Axis Mutual Fund,Equity,14.88,,
119094,Axis Mutual Fund,Equity,14.88,,
119094,Axis Mutual Fund,Mid Cap,14.88,,
101206,Aditya Birla Sun Life MF,Equity,14.82,13.78,12.86
101206,Aditya Birla Sun Life MF,Equity,14.82,13.78,12.86
101206,Aditya Birla Sun Life MF,Equity,14.82,13.78,12.86
101206,Aditya Birla Sun Life MF,Equity,14.82,13.78,12.86
101206,Aditya Birla Sun Life MF,Equity,14.82,13.78,12.86
101206,Aditya Birla Sun Life MF,Equity,14.82,13.78,12.86
101206,Aditya Birla Sun Life MF,Equity,14.82,13.78,12.86
101206,Aditya Birla Sun Life MF,Equity,14.82,13.78,12.86
101206,Aditya Birla Sun Life MF,Equity,14.82,13.78,12.86
101206,Aditya Birla Sun Life MF,Large Cap,14.82,13.78,12.86
101206,Aditya Birla Sun Life MF,Equity,14.82,,
101206,Aditya Birla Sun Life MF,Equity,14.82,,
101206,Aditya Birla Sun Life MF,Equity,14.82,,
101206,Aditya Birla Sun Life MF,Equity,14.82,,
101206,Aditya Birla Sun Life MF,Equity,14.82,,
101206,Aditya Birla Sun Life MF,Equity,14.82,,
101206,Aditya Birla Sun Life MF,Equity,14.82,,
101206,Aditya Birla Sun Life MF,Equity,14.82,,
101206,Aditya Birla Sun Life MF,Equity,14.82,,
101206,Aditya Birla Sun Life MF,Large Cap,14.82,,
118633,Nippon India MF,Equity,14.42,12.33,14.72
118633,Nippon India MF,Equity,14.42,12.33,14.72
118633,Nippon India MF,Equity,14.42,12.33,14.72
118633,Nippon India MF,Equity,14.42,12.33,14.72
118633,Nippon India MF,Equity,14.42,12.33,14.72
118633,Nippon India MF,Equity,14.42,12.33,14.72
118633,Nippon India MF,Equity,14.42,12.33,14.72
118633,Nippon India MF,Equity,14.42,12.33,14.72
118633,Nippon India MF,Equity,14.42,12.33,14.72
118633,Nippon India MF,Large Cap,14.42,12.33,14.72
118633,Nippon India MF,Equity,14.42,,
118633,Nippon India MF,Equity,14.42,,
118633,Nippon India MF,Equity,14.42,,
118633,Nippon India MF,Equity,14.42,,
118633,Nippon India MF,Equity,14.42,,
118633,Nippon India MF,Equity,14.42,,
118633,Nippon India MF,Equity,14.42,,
118633,Nippon India MF,Equity,14.42,,
118633,Nippon India MF,Equity,14.42,,
118633,Nippon India MF,Large Cap,14.42,,
120841,Kotak Mahindra MF,Equity,14.37,12.25,13.42
120841,Kotak Mahindra MF,Equity,14.37,12.25,13.42
120841,Kotak Mahindra MF,Equity,14.37,12.25,13.42
120841,Kotak Mahindra MF,Equity,14.37,12.25,13.42
120841,Kotak Mahindra MF,Equity,14.37,12.25,13.42
120841,Kotak Mahindra MF,Equity,14.37,12.25,13.42
120841,Kotak Mahindra MF,Equity,14.37,12.25,13.42
120841,Kotak Mahindra MF,Equity,14.37,12.25,13.42
120841,Kotak Mahindra MF,Equity,14.37,12.25,13.42
120841,Kotak Mahindra MF,Large Cap,14.37,12.25,13.42
120841,Kotak Mahindra MF,Equity,14.37,,
120841,Kotak Mahindra MF,Equity,14.37,,
120841,Kotak Mahindra MF,Equity,14.37,,
120841,Kotak Mahindra MF,Equity,14.37,,
120841,Kotak Mahindra MF,Equity,14.37,,
120841,Kotak Mahindra MF,Equity,14.37,,
120841,Kotak Mahindra MF,Equity,14.37,,
120841,Kotak Mahindra MF,Equity,14.37,,
120841,Kotak Mahindra MF,Equity,14.37,,
120841,Kotak Mahindra MF,Large Cap,14.37,,
120504,ICICI Prudential MF,Equity,14.12,14.41,13.02
120504,ICICI Prudential MF,Equity,14.12,14.41,13.02
120504,ICICI Prudential MF,Equity,14.12,14.41,13.02
120504,ICICI Prudential MF,Equity,14.12,14.41,13.02
120504,ICICI Prudential MF,Equity,14.12,14.41,13.02
120504,ICICI Prudential MF,Equity,14.12,14.41,13.02
120504,ICICI Prudential MF,Equity,14.12,14.41,13.02
120504,ICICI Prudential MF,Equity,14.12,14.41,13.02
120504,ICICI Prudential MF,Equity,14.12,14.41,13.02
120504,ICICI Prudential MF,Large Cap,14.12,14.41,13.02
149323,DSP Mutual Fund,Equity,14.12,17.16,19.0
149323,DSP Mutual Fund,Equity,14.12,17.16,19.0
149323,DSP Mutual Fund,Equity,14.12,17.16,19.0
149323,DSP Mutual Fund,Equity,14.12,17.16,19.0
149323,DSP Mutual Fund,Equity,14.12,17.16,19.0
149323,DSP Mutual Fund,Equity,14.12,17.16,19.0
149323,DSP Mutual Fund,Equity,14.12,17.16,19.0
149323,DSP Mutual Fund,Equity,14.12,17.16,19.0
149323,DSP Mutual Fund,Equity,14.12,17.16,19.0
149323,DSP Mutual Fund,Mid Cap,14.12,17.16,19.0
120504,ICICI Prudential MF,Equity,14.12,,
120504,ICICI Prudential MF,Equity,14.12,,
120504,ICICI Prudential MF,Equity,14.12,,
120504,ICICI Prudential MF,Equity,14.12,,
120504,ICICI Prudential MF,Equity,14.12,,
120504,ICICI Prudential MF,Equity,14.12,,
120504,ICICI Prudential MF,Equity,14.12,,
120504,ICICI Prudential MF,Equity,14.12,,
120504,ICICI Prudential MF,Equity,14.12,,
120504,ICICI Prudential MF,Large Cap,14.12,,
149323,DSP Mutual Fund,Equity,14.12,,
149323,DSP Mutual Fund,Equity,14.12,,
149323,DSP Mutual Fund,Equity,14.12,,
149323,DSP Mutual Fund,Equity,14.12,,
149323,DSP Mutual Fund,Equity,14.12,,
149323,DSP Mutual Fund,Equity,14.12,,
149323,DSP Mutual Fund,Equity,14.12,,
149323,DSP Mutual Fund,Equity,14.12,,
149323,DSP Mutual Fund,Equity,14.12,,
149323,DSP Mutual Fund,Mid Cap,14.12,,
120505,ICICI Prudential MF,Equity,14.02,18.08,17.55
120505,ICICI Prudential MF,Equity,14.02,18.08,17.55
120505,ICICI Prudential MF,Equity,14.02,18.08,17.55
120505,ICICI Prudential MF,Equity,14.02,18.08,17.55
120505,ICICI Prudential MF,Equity,14.02,18.08,17.55
120505,ICICI Prudential MF,Equity,14.02,18.08,17.55
120505,ICICI Prudential MF,Equity,14.02,18.08,17.55
120505,ICICI Prudential MF,Equity,14.02,18.08,17.55
120505,ICICI Prudential MF,Equity,14.02,18.08,17.55
120505,ICICI Prudential MF,Mid Cap,14.02,18.08,17.55
120505,ICICI Prudential MF,Equity,14.02,,
120505,ICICI Prudential MF,Equity,14.02,,
120505,ICICI Prudential MF,Equity,14.02,,
120505,ICICI Prudential MF,Equity,14.02,,
120505,ICICI Prudential MF,Equity,14.02,,
120505,ICICI Prudential MF,Equity,14.02,,
120505,ICICI Prudential MF,Equity,14.02,,
120505,ICICI Prudential MF,Equity,14.02,,
120505,ICICI Prudential MF,Equity,14.02,,
120505,ICICI Prudential MF,Mid Cap,14.02,,
119093,Axis Mutual Fund,Equity,13.95,12.14,13.66
119093,Axis Mutual Fund,Equity,13.95,12.14,13.66
119093,Axis Mutual Fund,Equity,13.95,12.14,13.66
119093,Axis Mutual Fund,Equity,13.95,12.14,13.66
119093,Axis Mutual Fund,Equity,13.95,12.14,13.66
119093,Axis Mutual Fund,Equity,13.95,12.14,13.66
119093,Axis Mutual Fund,Equity,13.95,12.14,13.66
119093,Axis Mutual Fund,Equity,13.95,12.14,13.66
119093,Axis Mutual Fund,Equity,13.95,12.14,13.66
119093,Axis Mutual Fund,Large Cap,13.95,12.14,13.66
119093,Axis Mutual Fund,Equity,13.95,,
119093,Axis Mutual Fund,Equity,13.95,,
119093,Axis Mutual Fund,Equity,13.95,,
119093,Axis Mutual Fund,Equity,13.95,,
119093,Axis Mutual Fund,Equity,13.95,,
119093,Axis Mutual Fund,Equity,13.95,,
119093,Axis Mutual Fund,Equity,13.95,,
119093,Axis Mutual Fund,Equity,13.95,,
119093,Axis Mutual Fund,Equity,13.95,,
119093,Axis Mutual Fund,Large Cap,13.95,,
102885,UTI Mutual Fund,Equity,13.76,12.1,11.31
102885,UTI Mutual Fund,Equity,13.76,12.1,11.31
102885,UTI Mutual Fund,Equity,13.76,12.1,11.31
102885,UTI Mutual Fund,Equity,13.76,12.1,11.31
102885,UTI Mutual Fund,Equity,13.76,12.1,11.31
102885,UTI Mutual Fund,Equity,13.76,12.1,11.31
102885,UTI Mutual Fund,Equity,13.76,12.1,11.31
102885,UTI Mutual Fund,Equity,13.76,12.1,11.31
102885,UTI Mutual Fund,Equity,13.76,12.1,11.31
102885,UTI Mutual Fund,Index,13.76,12.1,11.31
102885,UTI Mutual Fund,Equity,13.76,,
102885,UTI Mutual Fund,Equity,13.76,,
102885,UTI Mutual Fund,Equity,13.76,,
102885,UTI Mutual Fund,Equity,13.76,,
102885,UTI Mutual Fund,Equity,13.76,,
102885,UTI Mutual Fund,Equity,13.76,,
102885,UTI Mutual Fund,Equity,13.76,,
102885,UTI Mutual Fund,Equity,13.76,,
102885,UTI Mutual Fund,Equity,13.76,,
102885,UTI Mutual Fund,Index,13.76,,
119551,SBI Mutual Fund,Equity,12.42,12.36,14.45
119551,SBI Mutual Fund,Equity,12.42,12.36,14.45
119551,SBI Mutual Fund,Equity,12.42,12.36,14.45
119551,SBI Mutual Fund,Equity,12.42,12.36,14.45
119551,SBI Mutual Fund,Equity,12.42,12.36,14.45
119551,SBI Mutual Fund,Equity,12.42,12.36,14.45
119551,SBI Mutual Fund,Equity,12.42,12.36,14.45
119551,SBI Mutual Fund,Equity,12.42,12.36,14.45
119551,SBI Mutual Fund,Equity,12.42,12.36,14.45
119551,SBI Mutual Fund,Large Cap,12.42,12.36,14.45
119551,SBI Mutual Fund,Equity,12.42,,
119551,SBI Mutual Fund,Equity,12.42,,
119551,SBI Mutual Fund,Equity,12.42,,
119551,SBI Mutual Fund,Equity,12.42,,
119551,SBI Mutual Fund,Equity,12.42,,
119551,SBI Mutual Fund,Equity,12.42,,
119551,SBI Mutual Fund,Equity,12.42,,
119551,SBI Mutual Fund,Equity,12.42,,
119551,SBI Mutual Fund,Equity,12.42,,
119551,SBI Mutual Fund,Large Cap,12.42,,
149322,DSP Mutual Fund,Equity,11.96,12.82,12.35
149322,DSP Mutual Fund,Equity,11.96,12.82,12.35
149322,DSP Mutual Fund,Equity,11.96,12.82,12.35
149322,DSP Mutual Fund,Equity,11.96,12.82,12.35
149322,DSP Mutual Fund,Equity,11.96,12.82,12.35
149322,DSP Mutual Fund,Equity,11.96,12.82,12.35
149322,DSP Mutual Fund,Equity,11.96,12.82,12.35
149322,DSP Mutual Fund,Equity,11.96,12.82,12.35
149322,DSP Mutual Fund,Equity,11.96,12.82,12.35
149322,DSP Mutual Fund,Large Cap,11.96,12.82,12.35
149322,DSP Mutual Fund,Equity,11.96,,
149322,DSP Mutual Fund,Equity,11.96,,
149322,DSP Mutual Fund,Equity,11.96,,
149322,DSP Mutual Fund,Equity,11.96,,
149322,DSP Mutual Fund,Equity,11.96,,
149322,DSP Mutual Fund,Equity,11.96,,
149322,DSP Mutual Fund,Equity,11.96,,
149322,DSP Mutual Fund,Equity,11.96,,
149322,DSP Mutual Fund,Equity,11.96,,
149322,DSP Mutual Fund,Large Cap,11.96,,
119092,Axis Mutual Fund,Equity,11.82,11.84,14.14
119092,Axis Mutual Fund,Equity,11.82,11.84,14.14
119092,Axis Mutual Fund,Equity,11.82,11.84,14.14
119092,Axis Mutual Fund,Equity,11.82,11.84,14.14
119092,Axis Mutual Fund,Equity,11.82,11.84,14.14
119092,Axis Mutual Fund,Equity,11.82,11.84,14.14
119092,Axis Mutual Fund,Equity,11.82,11.84,14.14
119092,Axis Mutual Fund,Equity,11.82,11.84,14.14
119092,Axis Mutual Fund,Equity,11.82,11.84,14.14
119092,Axis Mutual Fund,Large Cap,11.82,11.84,14.14
119092,Axis Mutual Fund,Equity,11.82,,
119092,Axis Mutual Fund,Equity,11.82,,
119092,Axis Mutual Fund,Equity,11.82,,
119092,Axis Mutual Fund,Equity,11.82,,
119092,Axis Mutual Fund,Equity,11.82,,
119092,Axis Mutual Fund,Equity,11.82,,
119092,Axis Mutual Fund,Equity,11.82,,
119092,Axis Mutual Fund,Equity,11.82,,
119092,Axis Mutual Fund,Equity,11.82,,
119092,Axis Mutual Fund,Large Cap,11.82,,
125497,HDFC Mutual Fund,Equity,11.48,13.38,13.48
125497,HDFC Mutual Fund,Equity,11.48,13.38,13.48
125497,HDFC Mutual Fund,Equity,11.48,13.38,13.48
125497,HDFC Mutual Fund,Equity,11.48,13.38,13.48
125497,HDFC Mutual Fund,Equity,11.48,13.38,13.48
125497,HDFC Mutual Fund,Equity,11.48,13.38,13.48
125497,HDFC Mutual Fund,Equity,11.48,13.38,13.48
125497,HDFC Mutual Fund,Equity,11.48,13.38,13.48
125497,HDFC Mutual Fund,Equity,11.48,13.38,13.48
125497,HDFC Mutual Fund,Large Cap,11.48,13.38,13.48
125497,HDFC Mutual Fund,Equity,11.48,,
125497,HDFC Mutual Fund,Equity,11.48,,
125497,HDFC Mutual Fund,Equity,11.48,,
125497,HDFC Mutual Fund,Equity,11.48,,
125497,HDFC Mutual Fund,Equity,11.48,,
125497,HDFC Mutual Fund,Equity,11.48,,
125497,HDFC Mutual Fund,Equity,11.48,,
125497,HDFC Mutual Fund,Equity,11.48,,
125497,HDFC Mutual Fund,Equity,11.48,,
125497,HDFC Mutual Fund,Large Cap,11.48,,
148569,Mirae Asset MF,ELSS,11.16,13.58,14.26
148569,Mirae Asset MF,Equity,11.16,13.58,14.26
148569,Mirae Asset MF,Equity,11.16,13.58,14.26
148569,Mirae Asset MF,Equity,11.16,13.58,14.26
148569,Mirae Asset MF,Equity,11.16,13.58,14.26
148569,Mirae Asset MF,Equity,11.16,13.58,14.26
148569,Mirae Asset MF,Equity,11.16,13.58,14.26
148569,Mirae Asset MF,Equity,11.16,13.58,14.26
148569,Mirae Asset MF,Equity,11.16,13.58,14.26
148569,Mirae Asset MF,Equity,11.16,13.58,14.26
148569,Mirae Asset MF,ELSS,11.16,,
148569,Mirae Asset MF,Equity,11.16,,
148569,Mirae Asset MF,Equity,11.16,,
148569,Mirae Asset MF,Equity,11.16,,
148569,Mirae Asset MF,Equity,11.16,,
148569,Mirae Asset MF,Equity,11.16,,
148569,Mirae Asset MF,Equity,11.16,,
148569,Mirae Asset MF,Equity,11.16,,
148569,Mirae Asset MF,Equity,11.16,,
148569,Mirae Asset MF,Equity,11.16,,
100016,HDFC Mutual Fund,Equity,10.94,14.84,11.32
100016,HDFC Mutual Fund,Equity,10.94,14.84,11.32
100016,HDFC Mutual Fund,Equity,10.94,14.84,11.32
100016,HDFC Mutual Fund,Equity,10.94,14.84,11.32
100016,HDFC Mutual Fund,Equity,10.94,14.84,11.32
100016,HDFC Mutual Fund,Equity,10.94,14.84,11.32
100016,HDFC Mutual Fund,Equity,10.94,14.84,11.32
100016,HDFC Mutual Fund,Equity,10.94,14.84,11.32
100016,HDFC Mutual Fund,Equity,10.94,14.84,11.32
100016,HDFC Mutual Fund,Large Cap,10.94,14.84,11.32
100016,HDFC Mutual Fund,Equity,10.94,,
100016,HDFC Mutual Fund,Equity,10.94,,
100016,HDFC Mutual Fund,Equity,10.94,,
100016,HDFC Mutual Fund,Equity,10.94,,
100016,HDFC Mutual Fund,Equity,10.94,,
100016,HDFC Mutual Fund,Equity,10.94,,
100016,HDFC Mutual Fund,Equity,10.94,,
100016,HDFC Mutual Fund,Equity,10.94,,
100016,HDFC Mutual Fund,Equity,10.94,,
100016,HDFC Mutual Fund,Large Cap,10.94,,
118635,Nippon India MF,Equity,10.14,11.77,12.31
118635,Nippon India MF,Equity,10.14,11.77,12.31
118635,Nippon India MF,Equity,10.14,11.77,12.31
118635,Nippon India MF,Equity,10.14,11.77,12.31
118635,Nippon India MF,Equity,10.14,11.77,12.31
118635,Nippon India MF,Equity,10.14,11.77,12.31
118635,Nippon India MF,Equity,10.14,11.77,12.31
118635,Nippon India MF,Equity,10.14,11.77,12.31
118635,Nippon India MF,Equity,10.14,11.77,12.31
118635,Nippon India MF,Index/ETF,10.14,11.77,12.31
118635,Nippon India MF,Equity,10.14,,
118635,Nippon India MF,Equity,10.14,,
118635,Nippon India MF,Equity,10.14,,
118635,Nippon India MF,Equity,10.14,,
118635,Nippon India MF,Equity,10.14,,
118635,Nippon India MF,Equity,10.14,,
118635,Nippon India MF,Equity,10.14,,
118635,Nippon India MF,Equity,10.14,,
118635,Nippon India MF,Equity,10.14,,
118635,Nippon India MF,Index/ETF,10.14,,
120507,ICICI Prudential MF,Debt,8.89,7.68,7.94
120507,ICICI Prudential MF,Debt,8.89,7.68,7.94
120507,ICICI Prudential MF,Debt,8.89,7.68,7.94
120507,ICICI Prudential MF,Debt,8.89,7.68,7.94
120507,ICICI Prudential MF,Debt,8.89,7.68,7.94
120507,ICICI Prudential MF,Debt,8.89,7.68,7.94
120507,ICICI Prudential MF,Debt,8.89,7.68,7.94
120507,ICICI Prudential MF,Debt,8.89,7.68,7.94
120507,ICICI Prudential MF,Debt,8.89,7.68,7.94
120507,ICICI Prudential MF,Liquid,8.89,7.68,7.94
120507,ICICI Prudential MF,Debt,8.89,,
120507,ICICI Prudential MF,Debt,8.89,,
120507,ICICI Prudential MF,Debt,8.89,,
120507,ICICI Prudential MF,Debt,8.89,,
120507,ICICI Prudential MF,Debt,8.89,,
120507,ICICI Prudential MF,Debt,8.89,,
120507,ICICI Prudential MF,Debt,8.89,,
120507,ICICI Prudential MF,Debt,8.89,,
120507,ICICI Prudential MF,Debt,8.89,,
120507,ICICI Prudential MF,Liquid,8.89,,
100025,HDFC Mutual Fund,Debt,6.83,7.37,6.41
100025,HDFC Mutual Fund,Debt,6.83,7.37,6.41
100025,HDFC Mutual Fund,Debt,6.83,7.37,6.41
100025,HDFC Mutual Fund,Debt,6.83,7.37,6.41
100025,HDFC Mutual Fund,Debt,6.83,7.37,6.41
100025,HDFC Mutual Fund,Debt,6.83,7.37,6.41
100025,HDFC Mutual Fund,Debt,6.83,7.37,6.41
100025,HDFC Mutual Fund,Debt,6.83,7.37,6.41
100025,HDFC Mutual Fund,Debt,6.83,7.37,6.41
100025,HDFC Mutual Fund,Short Duration,6.83,7.37,6.41
100025,HDFC Mutual Fund,Debt,6.83,,
100025,HDFC Mutual Fund,Debt,6.83,,
100025,HDFC Mutual Fund,Debt,6.83,,
100025,HDFC Mutual Fund,Debt,6.83,,
100025,HDFC Mutual Fund,Debt,6.83,,
100025,HDFC Mutual Fund,Debt,6.83,,
100025,HDFC Mutual Fund,Debt,6.83,,
100025,HDFC Mutual Fund,Debt,6.83,,
100025,HDFC Mutual Fund,Debt,6.83,,
100025,HDFC Mutual Fund,Short Duration,6.83,,
118636,Nippon India MF,Debt,6.19,5.31,8.71
118636,Nippon India MF,Debt,6.19,5.31,8.71
118636,Nippon India MF,Debt,6.19,5.31,8.71
118636,Nippon India MF,Debt,6.19,5.31,8.71
118636,Nippon India MF,Debt,6.19,5.31,8.71
118636,Nippon India MF,Debt,6.19,5.31,8.71
118636,Nippon India MF,Debt,6.19,5.31,8.71
118636,Nippon India MF,Debt,6.19,5.31,8.71
118636,Nippon India MF,Debt,6.19,5.31,8.71
118636,Nippon India MF,Gilt,6.19,5.31,8.71
118636,Nippon India MF,Debt,6.19,,
118636,Nippon India MF,Debt,6.19,,
118636,Nippon India MF,Debt,6.19,,
118636,Nippon India MF,Debt,6.19,,
118636,Nippon India MF,Debt,6.19,,
118636,Nippon India MF,Debt,6.19,,
118636,Nippon India MF,Debt,6.19,,
118636,Nippon India MF,Debt,6.19,,
118636,Nippon India MF,Debt,6.19,,
118636,Nippon India MF,Gilt,6.19,,
101208,Aditya Birla Sun Life MF,Debt,6.18,5.14,7.95
101208,Aditya Birla Sun Life MF,Debt,6.18,5.14,7.95
101208,Aditya Birla Sun Life MF,Debt,6.18,5.14,7.95
101208,Aditya Birla Sun Life MF,Debt,6.18,5.14,7.95
101208,Aditya Birla Sun Life MF,Debt,6.18,5.14,7.95
101208,Aditya Birla Sun Life MF,Debt,6.18,5.14,7.95
101208,Aditya Birla Sun Life MF,Debt,6.18,5.14,7.95
101208,Aditya Birla Sun Life MF,Debt,6.18,5.14,7.95
101208,Aditya Birla Sun Life MF,Debt,6.18,5.14,7.95
101208,Aditya Birla Sun Life MF,Liquid,6.18,5.14,7.95
101208,Aditya Birla Sun Life MF,Debt,6.18,,
101208,Aditya Birla Sun Life MF,Debt,6.18,,
101208,Aditya Birla Sun Life MF,Debt,6.18,,
101208,Aditya Birla Sun Life MF,Debt,6.18,,
101208,Aditya Birla Sun Life MF,Debt,6.18,,
101208,Aditya Birla Sun Life MF,Debt,6.18,,
101208,Aditya Birla Sun Life MF,Debt,6.18,,
101208,Aditya Birla Sun Life MF,Debt,6.18,,
101208,Aditya Birla Sun Life MF,Debt,6.18,,
101208,Aditya Birla Sun Life MF,Liquid,6.18,,
119120,SBI Mutual Fund,Debt,5.34,6.07,5.43
119120,SBI Mutual Fund,Debt,5.34,6.07,5.43
119120,SBI Mutual Fund,Debt,5.34,6.07,5.43
119120,SBI Mutual Fund,Debt,5.34,6.07,5.43
119120,SBI Mutual Fund,Debt,5.34,6.07,5.43
119120,SBI Mutual Fund,Debt,5.34,6.07,5.43
119120,SBI Mutual Fund,Debt,5.34,6.07,5.43
119120,SBI Mutual Fund,Debt,5.34,6.07,5.43
119120,SBI Mutual Fund,Debt,5.34,6.07,5.43
119120,SBI Mutual Fund,Gilt,5.34,6.07,5.43
119120,SBI Mutual Fund,Debt,5.34,,
119120,SBI Mutual Fund,Debt,5.34,,
119120,SBI Mutual Fund,Debt,5.34,,
119120,SBI Mutual Fund,Debt,5.34,,
119120,SBI Mutual Fund,Debt,5.34,,
119120,SBI Mutual Fund,Debt,5.34,,
119120,SBI Mutual Fund,Debt,5.34,,
119120,SBI Mutual Fund,Debt,5.34,,
119120,SBI Mutual Fund,Debt,5.34,,
119120,SBI Mutual Fund,Gilt,5.34,,
120844,Kotak Mahindra MF,Debt,4.26,6.18,8.26
120844,Kotak Mahindra MF,Debt,4.26,6.18,8.26
120844,Kotak Mahindra MF,Debt,4.26,6.18,8.26
120844,Kotak Mahindra MF,Debt,4.26,6.18,8.26
120844,Kotak Mahindra MF,Debt,4.26,6.18,8.26
120844,Kotak Mahindra MF,Debt,4.26,6.18,8.26
120844,Kotak Mahindra MF,Debt,4.26,6.18,8.26
120844,Kotak Mahindra MF,Debt,4.26,6.18,8.26
120844,Kotak Mahindra MF,Debt,4.26,6.18,8.26
120844,Kotak Mahindra MF,Liquid,4.26,6.18,8.26
120844,Kotak Mahindra MF,Debt,4.26,,
120844,Kotak Mahindra MF,Debt,4.26,,
120844,Kotak Mahindra MF,Debt,4.26,,
120844,Kotak Mahindra MF,Debt,4.26,,
120844,Kotak Mahindra MF,Debt,4.26,,
120844,Kotak Mahindra MF,Debt,4.26,,
120844,Kotak Mahindra MF,Debt,4.26,,
120844,Kotak Mahindra MF,Debt,4.26,,
120844,Kotak Mahindra MF,Debt,4.26,,
120844,Kotak Mahindra MF,Liquid,4.26,,
